{"cameraMode":{"drawMode":0,"name":"Shaded","section":"Shading Mode"},"sceneLighting":true,"audioPlay":false,"sceneViewState":{"m_AlwaysRefresh":false,"showFog":true,"showSkybox":false,"showFlares":true,"showImageEffects":true,"showParticleSystems":true,"showVisualEffectGraphs":true,"m_FxEnabled":true},"in2DMode":false,"pivot":{"x":-0.3469510078430176,"y":0.6180000305175781,"z":-3.673055648803711},"rotation":{"x":0.4136582016944885,"y":-0.012671397998929024,"z":0.00595617201179266,"w":0.9103600382804871},"size":12.12435531616211,"orthographic":true}