{"cameraMode":{"drawMode":0,"name":"Shaded","section":"Shading Mode"},"sceneLighting":false,"audioPlay":false,"sceneViewState":{"m_AlwaysRefresh":false,"showFog":true,"showSkybox":false,"showFlares":true,"showImageEffects":true,"showParticleSystems":true,"showVisualEffectGraphs":true,"m_FxEnabled":true},"in2DMode":false,"pivot":{"x":0.35038459300994875,"y":-0.30218422412872317,"z":-0.10779416561126709},"rotation":{"x":0.2296268492937088,"y":0.43338218331336977,"z":-0.1151982843875885,"w":0.8638449907302856},"size":1.518231987953186,"orthographic":false}