{"cameraMode":{"drawMode":0,"name":"Shaded","section":"Shading Mode"},"sceneLighting":true,"audioPlay":false,"sceneViewState":{"m_AlwaysRefresh":false,"showFog":true,"showSkybox":true,"showFlares":true,"showImageEffects":true,"showParticleSystems":true,"showVisualEffectGraphs":true,"m_FxEnabled":true},"in2DMode":false,"pivot":{"x":14.854523658752442,"y":14.727187156677246,"z":-10.458993911743164},"rotation":{"x":0.5312265157699585,"y":0.0021879931446164848,"z":-0.0012251504231244326,"w":0.8473187685012817},"size":72.36082458496094,"orthographic":true}