{"cameraMode":{"drawMode":0,"name":"Shaded","section":"Shading Mode"},"sceneLighting":false,"audioPlay":false,"sceneViewState":{"m_AlwaysRefresh":false,"showFog":true,"showSkybox":false,"showFlares":true,"showImageEffects":true,"showParticleSystems":true,"showVisualEffectGraphs":true,"m_FxEnabled":true},"in2DMode":false,"pivot":{"x":-0.0002543926239013672,"y":0.9691227078437805,"z":0.4122315049171448},"rotation":{"x":0.21041905879974366,"y":-0.006312914192676544,"z":0.0015634751180186868,"w":0.9776307940483093},"size":1.9812594652175904,"orthographic":true}